{
  "model_name": "efficientnet_b3",
  "best_epoch": 29,
  "num_classes": 182,
  "train_samples": 94455,
  "test_samples": 10495,
  "train_ratio": 0.9,
  "test_ratio": 0.1,
  "best_train_loss": 1.754459706555783,
  "best_train_accuracy": 73.0292697390715,
  "best_test_loss": 1.5457102393240745,
  "best_test_top1_accuracy": 81.2767984754645,
  "best_test_top5_accuracy": 94.94997617913292,
  "final_test_top1_accuracy": 81.09575988565983,
  "final_test_top5_accuracy": 94.97856121962839
}