{
  "train_loss": [
    3.359229597145321,
    2.8925427673065798,
    2.8457853490722176,
    2.7324105262433176,
    2.3919450492222243,
    2.2468129308374807,
    2.143831036487542,
    2.1012313771110516,
    2.0267618886901744,
    1.9751990474470185,
    1.9465257618961316,
    1.9206123441730423,
    1.9023990749060522,
    1.895988675143023,
    1.846431055237826,
    1.819976006189228,
    1.8363917236488094,
    1.8169394871898523,
    1.804162019574008,
    1.7912079520404884,
    1.7834647987826886,
    1.7618900386610907,
    1.7641717650776434,
    1.7527973969198412,
    1.7504998273220922,
    1.7758915079161095,
    1.7423628037842764,
    1.7634706395595852,
    1.754459706555783,
    1.7642299525618999
  ],
  "train_acc": [
    34.98496272450017,
    44.374788207387326,
    45.64554388342935,
    48.54286682480515,
    57.96552016265672,
    62.24690782785496,
    64.77359369705185,
    66.27520332090816,
    66.9836496103016,
    68.1643934259573,
    69.56540155879362,
    70.00381226702812,
    69.8206116570654,
    70.12029820399864,
    70.9282870213487,
    71.7976956963741,
    72.02431379193494,
    72.38118434429008,
    72.5241443578448,
    72.50508302270417,
    73.05468485259235,
    73.2368264994917,
    71.39105388004066,
    72.19374788207388,
    73.70700609962725,
    72.46484242629617,
    72.76664689935615,
    72.41930701457133,
    73.0292697390715,
    72.24563707217892
  ],
  "val_loss": [
    2.8984643213064003,
    2.7111515563121578,
    2.678174881119567,
    2.178569931731785,
    2.0730564256461816,
    1.982379279084408,
    1.8623071242991716,
    1.829244121896363,
    1.786690610360395,
    1.754048184180839,
    1.73198681790923,
    1.6974660297869046,
    1.6760954261905185,
    1.6703589450977938,
    1.6342234647631815,
    1.6333270332596312,
    1.6162150589041961,
    1.6012092847492423,
    1.5928249757252402,
    1.6039049111303119,
    1.5863782023520285,
    1.5974642229284657,
    1.5617397227930194,
    1.5598089049008985,
    1.565403549894939,
    1.554646750755001,
    1.5707260096737634,
    1.5533247053765182,
    1.5457102393240745,
    1.560769415719558
  ],
  "val_acc": [
    46.74606955693187,
    50.91948546927108,
    51.700809909480704,
    66.16484040019057,
    68.6517389232968,
    71.33873272987137,
    74.14959504525964,
    74.99761791329205,
    76.0647927584564,
    76.86517389232968,
    77.52262982372558,
    77.88470700333492,
    78.14197236779418,
    78.80895664602191,
    79.05669366364936,
    79.31395902810863,
    79.77131967603621,
    80.17151024297284,
    80.39066222010482,
    80.17151024297284,
    80.59075750357313,
    80.62887089090043,
    80.87660790852787,
    80.89566460219152,
    80.94330633635064,
    81.15292996665079,
    81.08623153882802,
    81.26727012863269,
    81.2767984754645,
    81.09575988565983
  ],
  "val_top5": [
    72.6250595521677,
    76.26488804192472,
    76.51262505955216,
    87.75607432110529,
    89.18532634587899,
    90.48118151500715,
    91.64363982848975,
    92.10100047641734,
    92.57741781800857,
    93.206288708909,
    93.38732729871367,
    93.69223439733206,
    93.92091472129586,
    94.11148165793234,
    94.26393520724154,
    94.22582181991424,
    94.40686040971892,
    94.46403049070986,
    94.53072891853263,
    94.52120057170082,
    94.70223916150547,
    94.66412577417817,
    94.69271081467366,
    94.89280609814197,
    94.89280609814197,
    94.85469271081467,
    94.79752262982373,
    94.80705097665555,
    94.94997617913292,
    94.97856121962839
  ]
}